cluster,title,wall_text
0,"Warriors, Swords, and Regalia","This group, titled 'Warriors, Swords, and Regalia', brings together works centered around left, hand, right. These objects reflect recurring visual and symbolic elements within Benin court art, suggesting shared functions, status markers, or narrative roles. Motifs such as plaque, ornamented, plate appear frequently, pointing to connections between material culture, hierarchy, and ceremonial expression. Taken together, the works in this section reveal how form, ornament, and iconography combine to communicate authority, identity, and continuity within the Benin artistic tradition."
1,"Lamps, Bracelets, and Masks","This group, titled 'Lamps, Bracelets, and Masks', brings together works centered around copper, leopard, head. These objects reflect recurring visual and symbolic elements within Benin court art, suggesting shared functions, status markers, or narrative roles. Motifs such as inlaid, pupils, eyes appear frequently, pointing to connections between material culture, hierarchy, and ceremonial expression. Taken together, the works in this section reveal how form, ornament, and iconography combine to communicate authority, identity, and continuity within the Benin artistic tradition."
2,"Heads, Staffs, and Crocodiles","This group, titled 'Heads, Staffs, and Crocodiles', brings together works centered around benin, ornamented, plate. These objects reflect recurring visual and symbolic elements within Benin court art, suggesting shared functions, status markers, or narrative roles. Motifs such as human, head, antique appear frequently, pointing to connections between material culture, hierarchy, and ceremonial expression. Taken together, the works in this section reveal how form, ornament, and iconography combine to communicate authority, identity, and continuity within the Benin artistic tradition."
3,"Heads, Swords, and Armlets","This group, titled 'Heads, Swords, and Armlets', brings together works centered around ornamented, plate, human. These objects reflect recurring visual and symbolic elements within Benin court art, suggesting shared functions, status markers, or narrative roles. Motifs such as pattern, hand, hands appear frequently, pointing to connections between material culture, hierarchy, and ceremonial expression. Taken together, the works in this section reveal how form, ornament, and iconography combine to communicate authority, identity, and continuity within the Benin artistic tradition."
4,"Swords, Bells, and Leopards","This group, titled 'Swords, Bells, and Leopards', brings together works centered around iron, blade, sword. These objects reflect recurring visual and symbolic elements within Benin court art, suggesting shared functions, status markers, or narrative roles. Motifs such as handle, ornamented, similar appear frequently, pointing to connections between material culture, hierarchy, and ceremonial expression. Taken together, the works in this section reveal how form, ornament, and iconography combine to communicate authority, identity, and continuity within the Benin artistic tradition."
5,"Bracelets, Heads, and Horses","This group, titled 'Bracelets, Heads, and Horses', brings together works centered around plate, figs, bracelet. These objects reflect recurring visual and symbolic elements within Benin court art, suggesting shared functions, status markers, or narrative roles. Motifs such as ornamented, this, carved appear frequently, pointing to connections between material culture, hierarchy, and ceremonial expression. Taken together, the works in this section reveal how form, ornament, and iconography combine to communicate authority, identity, and continuity within the Benin artistic tradition."
6,"Bells, Vessels, and Heads","This group, titled 'Bells, Vessels, and Heads', brings together works centered around human, plate, similar. These objects reflect recurring visual and symbolic elements within Benin court art, suggesting shared functions, status markers, or narrative roles. Motifs such as bell, represented, vessel appear frequently, pointing to connections between material culture, hierarchy, and ceremonial expression. Taken together, the works in this section reveal how form, ornament, and iconography combine to communicate authority, identity, and continuity within the Benin artistic tradition."
7,"Kings, Heads, and Ornaments","This group, titled 'Kings, Heads, and Ornaments', brings together works centered around human, head, ornamented. These objects reflect recurring visual and symbolic elements within Benin court art, suggesting shared functions, status markers, or narrative roles. Motifs such as pattern, which, benin appear frequently, pointing to connections between material culture, hierarchy, and ceremonial expression. Taken together, the works in this section reveal how form, ornament, and iconography combine to communicate authority, identity, and continuity within the Benin artistic tradition."
8,"Masks, Kings, and Heads","This group, titled 'Masks, Kings, and Heads', brings together works centered around inlaid, coral, head. These objects reflect recurring visual and symbolic elements within Benin court art, suggesting shared functions, status markers, or narrative roles. Motifs such as eyes, over, marks appear frequently, pointing to connections between material culture, hierarchy, and ceremonial expression. Taken together, the works in this section reveal how form, ornament, and iconography combine to communicate authority, identity, and continuity within the Benin artistic tradition."
9,"Swords, Staffs, and Spears","This group, titled 'Swords, Staffs, and Spears', brings together works centered around human, iron, ornamented. These objects reflect recurring visual and symbolic elements within Benin court art, suggesting shared functions, status markers, or narrative roles. Motifs such as plate, hand, sword appear frequently, pointing to connections between material culture, hierarchy, and ceremonial expression. Taken together, the works in this section reveal how form, ornament, and iconography combine to communicate authority, identity, and continuity within the Benin artistic tradition."
10,"Female Figures, Plaques, and Leopards","This group, titled 'Female Figures, Plaques, and Leopards', brings together works centered around coral, plate, ornamented. These objects reflect recurring visual and symbolic elements within Benin court art, suggesting shared functions, status markers, or narrative roles. Motifs such as left, head-dress, three appear frequently, pointing to connections between material culture, hierarchy, and ceremonial expression. Taken together, the works in this section reveal how form, ornament, and iconography combine to communicate authority, identity, and continuity within the Benin artistic tradition."
